,word_rate,word_length,section_number
0,0.0,0.0,1
1,0.0,0.0,1
2,0.0,0.0,1
3,0.0,0.0,1
4,0.0,0.0,1
5,0.0,0.0,1
6,0.0,0.0,1
7,0.0,0.0,1
8,0.0,0.0,1
9,0.0,0.0,1
10,0.0,0.0,1
11,0.0005946650418120000,0.002960480750385650,1
12,0.009824393442368310,0.038261668057382600,1
13,0.026262715450104300,0.08765389654080450,1
14,0.041649759308526800,0.16329958990557400,1
15,0.05253156624837570,0.26366951830327900,1
16,0.05286712991441470,0.3049919802459630,1
17,0.048716192626794700,0.2677686964803320,1
18,0.04479956794662830,0.20384201156139800,1
19,0.04212137989836240,0.16605514707753900,1
20,0.04057648306878370,0.16335625055561400,1
21,0.03988130709954820,0.1679191474175920,1
22,0.03970033319672590,0.16784660002834800,1
23,0.03974421106361430,0.17561152915710000,1
24,0.03983857950847680,0.17697478811843700,1
25,0.039913766465148900,0.17290262523746800,1
26,0.039958196698389800,0.16723192959821800,1
27,0.03998382860325550,0.15239494793505300,1
28,0.03999466210154420,0.13791272417747100,1
29,0.04000113968729280,0.12913531970493300,1
30,0.04000113968729280,0.1386068447679610,1
31,0.04000113968729280,0.15761496818108000,1
32,0.04000113968729280,0.16677283356952400,1
33,0.04000113968729280,0.1688237200415450,1
34,0.04000113968729280,0.20332882746778800,1
35,0.04000113968729280,0.23810778933592800,1
36,0.04000113968729280,0.21317023991573300,1
37,0.04000113968729280,0.1934546505350090,1
38,0.04000113968729280,0.1925117636763410,1
39,0.04000113968729280,0.1901398995584410,1
40,0.04000113968729280,0.17528347725390800,1
41,0.04000113968729280,0.15849328558934,1
42,0.04000113968729280,0.17860040206048400,1
43,0.04000113968729280,0.2061885703192430,1
44,0.04000113968729280,0.18475717741523600,1
45,0.04000113968729280,0.16960323687036700,1
46,0.04000113968729280,0.200776147403335,1
47,0.04000113968729280,0.25075686597809400,1
48,0.04000113968729280,0.25981391427697100,1
49,0.04000113968729280,0.22543318154624800,1
50,0.04000113968729280,0.1678667228165380,1
51,0.04000113968729280,0.11431154362714100,1
52,0.04000113968729280,0.10671217541810600,1
53,0.04000113968729280,0.13426536538161300,1
54,0.04000113968729280,0.14294658287401800,1
55,0.04000113968729280,0.13781139041404300,1
56,0.04000113968729280,0.13956107204234200,1
57,0.04000113968729280,0.1535663350906200,1
58,0.04000113968729280,0.170366161772019,1
59,0.04000113968729280,0.16629226790170500,1
60,0.04000113968729280,0.16389978996761300,1
61,0.04000113968729280,0.15192750489468400,1
62,0.04000113968729280,0.1494395644111540,1
63,0.04000113968729280,0.19960662406484300,1
64,0.04000113968729280,0.21827556302471700,1
65,0.04000113968729280,0.1879710221857510,1
66,0.04000113968729280,0.15941665225251900,1
67,0.04000113968729280,0.1863846360201620,1
68,0.04000113968729280,0.24636796511683100,1
69,0.04000113968729280,0.27539731280664800,1
70,0.04000113968729280,0.2766705758310710,1
71,0.04000113968729280,0.27078164109881800,1
72,0.04000113968729280,0.28178110767374900,1
73,0.04000113968729280,0.2781076658540710,1
74,0.04000113968729280,0.2651401585486640,1
75,0.04000113968729280,0.26467237990629500,1
76,0.04000113968729280,0.2390523334232180,1
77,0.04000113968729280,0.22239740737173500,1
78,0.04000113968729280,0.20240521019086800,1
79,0.04000113968729280,0.1701594172916670,1
80,0.04000113968729280,0.15804680376822300,1
81,0.04000113968729280,0.16413130764507000,1
82,0.04000113968729280,0.16840765916770000,1
83,0.04000113968729280,0.18184741384957600,1
84,0.04000113968729280,0.21342712879052000,1
85,0.04000113968729280,0.2214578790964320,1
86,0.04000113968729280,0.17374615596410800,1
87,0.04000113968729280,0.13048138920158700,1
88,0.04000113968729280,0.11745365276547700,1
89,0.04000113968729280,0.15083091758643800,1
90,0.04000113968729280,0.1979589435583360,1
91,0.04000113968729280,0.22246433890922400,1
92,0.04000113968729280,0.22665413049423700,1
93,0.04000113968729280,0.21595642750870800,1
94,0.04000113968729280,0.18732888317497200,1
95,0.04000113968729280,0.1504207889855690,1
96,0.04000113968729280,0.12900825608784300,1
97,0.04000113968729280,0.12530402922352400,1
98,0.04000113968729280,0.15404802569003900,1
99,0.04000113968729280,0.19608859968615900,1
100,0.04000113968729280,0.21052533604239200,1
101,0.04000113968729280,0.22077818805978600,1
102,0.04000113968729280,0.23695176516230200,1
103,0.03999685820106810,0.2075451715160540,1
104,0.036376758482915100,0.18676137724392200,1
105,0.022017471774055300,0.12462665057885200,1
106,0.006684819504780330,0.044357845394500700,1
107,-0.0022045265804724400,-0.006519718418208460,1
108,-0.005469580456581950,-0.026574553128662200,1
109,-0.005631537197103550,-0.028987553973187500,1
110,-0.004448369747499980,-0.02359997511974520,1
111,-0.0029651462811918100,-0.01612947995995250,1
112,-0.0017239306004422200,-0.009593196621807090,1
113,-0.0008906577751692330,-0.00505151856729205,1
114,-0.00041412562069176800,-0.0023964507050995200,1
115,-0.0001743540794175130,-0.001028207168955280,1
116,-6.58740639376389E-05,-0.00038403135647431200,1
117,-2.10241404855344E-05,-0.00013363907081299300,1
118,4.16442089152527E-07,-5.33507422411384E-07,1
119,0.0036243812043777800,0.02839610310698540,1
120,0.017983667913237500,0.12926120897910300,1
121,0.03331632018251250,0.22268832615615600,1
122,0.04220566626776530,0.27365452304685900,1
123,0.04547072014387480,0.2882207393827690,1
124,0.04563267688439640,0.284801962199329,1
125,0.04444950943479280,0.25616013149826800,1
126,0.04296628596848460,0.23266578529378100,1
127,0.041725070287735100,0.19863928082774600,1
128,0.04089179746246210,0.1725909031511190,1
129,0.0404152653079846,0.15109480357544800,1
130,0.04017549376671030,0.18000216870325400,1
131,0.04006701375123050,0.22322361971845100,1
132,0.040022163827778400,0.24418829709548500,1
133,0.04000500473142850,0.2652438711754880,1
134,0.04000113968729280,0.29626740295479500,1
135,0.04000113968729280,0.2747777689570440,1
136,0.04000113968729280,0.23729605173697500,1
137,0.04000113968729280,0.22275410264725500,1
138,0.04000113968729280,0.2216340276606670,1
139,0.04000113968729280,0.209731392745335,1
140,0.04000113968729280,0.17660074561513400,1
141,0.04000113968729280,0.1770005499102330,1
142,0.04000113968729280,0.19099707373935100,1
143,0.04000113968729280,0.23715306521869000,1
144,0.04000113968729280,0.2483998311888700,1
145,0.04000113968729280,0.23374912006264200,1
146,0.04000113968729280,0.21960366100188600,1
147,0.04000113968729280,0.2092001210084140,1
148,0.04000113968729280,0.2177358755225650,1
149,0.04000113968729280,0.22767476732717300,1
150,0.04000113968729280,0.24564954310689700,1
151,0.04000113968729280,0.2510622973247950,1
152,0.04000113968729280,0.2563470062444290,1
153,0.04000113968729280,0.23911825284956000,1
154,0.04000113968729280,0.22968830814902800,1
155,0.04000113968729280,0.20000667382254400,1
156,0.04000113968729280,0.19267209428991300,1
157,0.04000113968729280,0.22575602708743100,1
158,0.04000113968729280,0.22431904619461300,1
159,0.04000113968729280,0.21528017167597000,1
160,0.04000113968729280,0.21261128577208700,1
161,0.04000113968729280,0.18510476796231100,1
162,0.04000113968729280,0.1818146197303070,1
163,0.04000113968729280,0.21741147045817400,1
164,0.04000113968729280,0.20169174907188900,1
165,0.04000113968729280,0.16950231738300800,1
166,0.04000113968729280,0.15486657107239800,1
167,0.04000113968729280,0.15184017888640500,1
168,0.04000113968729280,0.1562501248419410,1
169,0.04000113968729280,0.18948744712248000,1
170,0.04000113968729280,0.23674707765545000,1
171,0.04000113968729280,0.23880685680203600,1
172,0.04000113968729280,0.2150883559147290,1
173,0.04000113968729280,0.20378886403751500,1
174,0.04000113968729280,0.20255005227275100,1
175,0.04000113968729280,0.21747391873746400,1
176,0.04000113968729280,0.25782947576907500,1
177,0.04000113968729280,0.2714252406203920,1
178,0.03940647464548080,0.28525416425478800,1
179,0.030176746244924500,0.22823928826760400,1
180,0.013742705723413400,0.11034750957564700,1
181,0.0013810965413318100,0.018747732901963600,1
182,-0.004371152090213720,-0.02560138344334020,1
183,-0.005808104008488830,-0.038365639032976800,1
184,-0.005129429817697600,-0.03512141778828110,1
185,-0.003699999892967230,-0.025805169216397200,1
186,-0.0022968070224548800,-0.016195603582530900,1
187,-0.0012564034516884400,-0.008927625108845130,1
188,-0.0006150210240307460,-0.004394112239358410,1
189,-0.00027206993144568800,-0.0019567607044515600,1
190,-0.00010881705284068800,-0.0007805869318197890,1
191,-3.83352245229071E-05,-0.0002800492406349030,1
192,-1.03426298842369E-05,-7.23984091896586E-05,1
193,0.0005946650418120000,0.0023743786810232200,1
194,0.009824393442368310,0.03625929463445790,1
195,0.02625843396387950,0.09199151468446680,1
196,0.03862004314596100,0.14934692501559500,1
197,0.04437229177750660,0.27330564037394100,1
198,0.04580924369578170,0.3519660663364470,1
199,0.045130569504990400,0.4168090050857330,1
200,0.043701139580260100,0.3835450787528270,1
201,0.042297946709747700,0.29498372147965200,1
202,0.04125754313898130,0.25551542373226300,1
203,0.040616160711323600,0.21772728358934300,1
204,0.04027320961873850,0.18805979171157700,1
205,0.040109956740133500,0.17647753544849200,1
206,0.04003947491181570,0.20456638061524000,1
207,0.04001148231717710,0.20750131926675000,1
208,0.04000113968729280,0.20468190784172000,1
209,0.04000113968729280,0.2420239546626270,1
210,0.04000113968729280,0.2626598136388480,1
211,0.04000113968729280,0.22009319160570200,1
212,0.04000113968729280,0.19080778912935500,1
213,0.04000113968729280,0.19507761774786100,1
214,0.04000113968729280,0.1805139233196320,1
215,0.04000113968729280,0.16484847424729800,1
216,0.04000113968729280,0.16382022991152600,1
217,0.04000113968729280,0.1719508219138850,1
218,0.04000113968729280,0.18322097115940000,1
219,0.04000113968729280,0.17368690312603800,1
220,0.04000113968729280,0.1799694851194530,1
221,0.04000113968729280,0.18011458869313000,1
222,0.04000113968729280,0.1701424299041060,1
223,0.04000113968729280,0.16612161543780600,1
224,0.04000113968729280,0.1625168986758990,1
225,0.04000113968729280,0.19254393422832400,1
226,0.04000113968729280,0.2616217921762440,1
227,0.04000113968729280,0.2784662171553130,1
228,0.04000113968729280,0.2697691044014470,1
229,0.04000113968729280,0.27897451509960500,1
230,0.04000113968729280,0.2974296593819850,1
231,0.04000113968729280,0.34101235180472900,1
232,0.04000113968729280,0.27802949941681,1
233,0.03940647464548080,0.19928930255037200,1
234,0.030176746244924500,0.11136755549641800,1
235,0.013742705723413400,0.02734232672278110,1
236,0.0013810965413318100,-0.021271465451323800,1
237,-0.004371152090213720,-0.03728795342295000,1
238,-0.005808104008488830,-0.03549472323957730,1
239,-0.005129429817697600,-0.026891251611024500,1
240,-0.003699999892967230,-0.017502146730640100,1
241,-0.0022968070224548800,-0.010067717766386900,1
242,-0.0012564034516884400,-0.005198343511434330,1
243,-0.0006150210240307460,-0.0024113972297046100,1
244,-0.00027206993144568800,-0.0010270244662970500,1
245,-0.00010881705284068800,-0.000354585582510525,1
246,-3.83352245229071E-05,-0.0001231095478991660,1
247,-1.03426298842369E-05,-3.35328946980265E-05,1
248,0.0005946650418120000,0.0023829416534727800,1
249,0.009824393442368310,0.042921954973851000,1
250,0.02625843396387950,0.12184091814380600,1
251,0.03862004314596100,0.1778315194111290,1
252,0.04437229177750660,0.20206200288814600,1
253,0.04580924369578170,0.2002338927375660,1
254,0.045130569504990400,0.2008316204613380,1
255,0.043701139580260100,0.21918324280226500,1
256,0.042297946709747700,0.21049303312482300,1
257,0.04125754313898130,0.18862256841603400,1
258,0.040616160711323600,0.17867245119549200,1
259,0.04027320961873850,0.17297528783125000,1
260,0.040109956740133500,0.16263710070926500,1
261,0.04003947491181570,0.1574142746213910,1
262,0.04001148231717710,0.17438546494050800,1
263,0.04000113968729280,0.21525703939581700,1
264,0.04000113968729280,0.2944059540204590,1
265,0.04000113968729280,0.3194559647816030,1
266,0.04000113968729280,0.32113351749052500,1
267,0.04000113968729280,0.29304129537933900,1
268,0.04000113968729280,0.24444609386749800,1
269,0.04000113968729280,0.22138645827905800,1
270,0.04000113968729280,0.24945747907724500,1
271,0.04000113968729280,0.2628685330327360,1
272,0.04000113968729280,0.2589550438791610,1
273,0.04000113968729280,0.26865485315250600,1
274,0.03940647464548080,0.22839146091836400,1
275,0.030176746244924500,0.1296174394563830,1
276,0.013742705723413400,0.03555469193534330,1
277,0.0013810965413318100,-0.017353382043017000,1
278,-0.004371152090213720,-0.036008153246608500,1
279,-0.005808104008488830,-0.035827268112076000,1
280,-0.005129429817697600,-0.027756318231888700,1
281,-0.003699999892967230,-0.018232666777580100,1
282,-0.0022968070224548800,-0.010497472905848900,1
283,-0.0012564034516884400,-0.005387509185092470,1
284,-0.0006150210240307460,-0.002477320618018620,1
285,-0.00027206993144568800,-0.0010353545661778800,1
286,-0.00010881705284068800,-0.0003943214942694420,1
287,-3.83352245229071E-05,-0.0001156153199993790,1
288,-1.03426298842369E-05,-2.19377622911317E-05,1
289,0.0005946650418120000,0.00712741752929443,1
290,0.009824393442368310,0.10589520153761800,1
291,0.02625843396387950,0.20959717065267300,1
292,0.03862004314596100,0.27274216045791900,1
293,0.04437229177750660,0.37221871238990500,1
294,0.04580924369578170,0.4006522973127420,1
295,0.045130569504990400,0.32916799384894400,1
296,0.043701139580260100,0.23130022510841700,1
297,0.042297946709747700,0.15497266390340600,1
298,0.04125754313898130,0.12386138132261600,1
299,0.040616160711323600,0.12189839795087100,1
300,0.04027320961873850,0.18509855192668300,1
301,0.040109956740133500,0.27658722830882800,1
302,0.04003947491181570,0.25922832712827900,1
303,0.04001148231717710,0.19117969611990400,1
304,0.04000113968729280,0.14192476306415200,1
305,0.03999685820106810,0.12628954436484700,1
306,0.036376758482915100,0.13677987652630800,1
307,0.022017471774055300,0.09550764467332900,1
308,0.006684819504780330,0.03374826573771560,1
309,-0.0022045265804724400,-0.005247384483665290,1
310,-0.005469580456581950,-0.020669958999715400,1
311,-0.005631537197103550,-0.02282967309995900,1
312,-0.004448369747499980,-0.01888300756126180,1
313,-0.0029651462811918100,-0.013073321889588900,1
314,-0.0017239306004422200,-0.007847850883966760,1
315,-0.0008906577751692330,-0.004138852853266870,1
316,-0.00041412562069176800,-0.0019658954107507600,1
317,0.0,0.0,2
318,0.0,0.0,2
319,0.0,0.0,2
320,0.0,0.0,2
321,0.0,0.0,2
322,0.0,0.0,2
323,0.0,0.0,2
324,0.0,0.0,2
325,0.0,0.0,2
326,0.0,0.0,2
327,0.0,0.0,2
328,0.0005946650418120000,0.001197893056073570,2
329,0.009824393442368310,0.025716782182317700,2
330,0.02625843396387950,0.07549379572266570,2
331,0.03862004314596100,0.12053708024831000,2
332,0.04437229177750660,0.15052158745444200,2
333,0.04580924369578170,0.17385193080114900,2
334,0.045130569504990400,0.20331584190823400,2
335,0.043701139580260100,0.20739590145296100,2
336,0.042297946709747700,0.22549884631683000,2
337,0.04125754313898130,0.21400587442539300,2
338,0.040616160711323600,0.1711573324058980,2
339,0.04027320961873850,0.15026662181252700,2
340,0.040109956740133500,0.16260577628048900,2
341,0.04003947491181570,0.17875108036648200,2
342,0.04001148231717710,0.15702428138226400,2
343,0.04000113968729280,0.13171194347536500,2
344,0.04000113968729280,0.13951025525717700,2
345,0.04000113968729280,0.1926819876849140,2
346,0.04000113968729280,0.23285106443760700,2
347,0.04000113968729280,0.23436022759340100,2
348,0.04000113968729280,0.20333837517035000,2
349,0.04000113968729280,0.17589237124318900,2
350,0.04000113968729280,0.1856908870303300,2
351,0.04000113968729280,0.17855896656197200,2
352,0.04000113968729280,0.15385265567509200,2
353,0.04000113968729280,0.1392553153753290,2
354,0.04000113968729280,0.1187220323924770,2
355,0.04000113968729280,0.10724463637505800,2
356,0.04000113968729280,0.1471350762836410,2
357,0.04000113968729280,0.18497449913523900,2
358,0.04000113968729280,0.1954032159751570,2
359,0.04000113968729280,0.18120471747342500,2
360,0.04000113968729280,0.18115217219427900,2
361,0.04000113968729280,0.17329978250871700,2
362,0.04000113968729280,0.14914572162617300,2
363,0.04000113968729280,0.15647730824786100,2
364,0.04000113968729280,0.17305149527791600,2
365,0.04000113968729280,0.22152130578286800,2
366,0.04000113968729280,0.25646565559988100,2
367,0.04000113968729280,0.26432182037766300,2
368,0.04000113968729280,0.2276057958729030,2
369,0.04000113968729280,0.19852019245531100,2
370,0.04000113968729280,0.2011740211472140,2
371,0.04000113968729280,0.2587465726618050,2
372,0.04000113968729280,0.30279563413819700,2
373,0.04000113968729280,0.32312937606817900,2
374,0.04000113968729280,0.3082140944524630,2
375,0.04000113968729280,0.28563984747699300,2
376,0.04000113968729280,0.24126625149380800,2
377,0.04000113968729280,0.186453018203445,2
378,0.04000113968729280,0.1575845671408820,2
379,0.04000113968729280,0.1391545617976350,2
380,0.04000113968729280,0.1174518462751440,2
381,0.04000113968729280,0.11281504167121100,2
382,0.04000113968729280,0.15335774578627300,2
383,0.04000113968729280,0.18327803312221400,2
384,0.04000113968729280,0.19460765199895800,2
385,0.04000113968729280,0.20950093326564000,2
386,0.04000113968729280,0.2774414920416720,2
387,0.04000113968729280,0.33834635881632000,2
388,0.04000113968729280,0.29576900032035300,2
389,0.04000113968729280,0.2443866515970390,2
390,0.04000113968729280,0.18057723048413700,2
391,0.04000113968729280,0.13159569794701500,2
392,0.04000113968729280,0.11364262042189500,2
393,0.04000113968729280,0.1287609984388450,2
394,0.04000113968729280,0.14371250967038600,2
395,0.04000113968729280,0.1359550487473620,2
396,0.04000113968729280,0.11371148099805200,2
397,0.04000113968729280,0.1082036525666050,2
398,0.04000113968729280,0.10486971396886200,2
399,0.04000113968729280,0.1333907094868380,2
400,0.04000113968729280,0.17044551045351500,2
401,0.04000113968729280,0.20575329248124000,2
402,0.04000113968729280,0.23007114411618700,2
403,0.03999685820106810,0.27893427175622300,2
404,0.036376758482915100,0.3365752666284150,2
405,0.022017471774055300,0.23375344446330300,2
406,0.006684819504780330,0.09354855255417500,2
407,-0.0022045265804724400,0.006148909942591990,2
408,-0.005469580456581950,-0.03152432933668780,2
409,-0.005631537197103550,-0.04034690055321340,2
410,-0.004448369747499980,-0.034864061105069900,2
411,-0.0029651462811918100,-0.024433193411450600,2
412,-0.0017239306004422200,-0.0146517870173236,2
413,-0.0008906577751692330,-0.00771947814502864,2
414,-0.00041412562069176800,-0.0036380153771980900,2
415,-0.0001743540794175130,-0.0015545308814476100,2
416,-6.58740639376389E-05,-0.0005928606076845760,2
417,-2.10241404855344E-05,-0.00020683181044857900,2
418,4.16442089152527E-07,1.40937849418099E-05,2
419,0.0036243812043777800,0.021143059212005100,2
420,0.017983667913237500,0.09438399742049870,2
421,0.03331632018251250,0.1845646012346230,2
422,0.04220566626776530,0.23681507395461500,2
423,0.04547072014387480,0.23023480460655500,2
424,0.04563267688439640,0.19908384388816300,2
425,0.04444950943479280,0.16545832155146600,2
426,0.04296628596848460,0.16147799535613500,2
427,0.041725070287735100,0.16801690053653500,2
428,0.04089179746246210,0.19279370304575200,2
429,0.0404152653079846,0.2060609970617930,2
430,0.04017549376671030,0.18345504675687000,2
431,0.04006701375123050,0.15516597774053200,2
432,0.040022163827778400,0.15275660320491200,2
433,0.04000500473142850,0.15040190642151800,2
434,0.04000113968729280,0.1378445427561480,2
435,0.04000113968729280,0.1381808326475520,2
436,0.04000113968729280,0.20127134709669000,2
437,0.04000113968729280,0.24392544941209800,2
438,0.04000113968729280,0.22789856618507800,2
439,0.04000113968729280,0.19704543576513200,2
440,0.04000113968729280,0.17411900124777600,2
441,0.04000113968729280,0.17060912873957100,2
442,0.04000113968729280,0.16272950198758800,2
443,0.04000113968729280,0.16228349273194400,2
444,0.04000113968729280,0.19052499481367100,2
445,0.04000113968729280,0.18668095043694000,2
446,0.04000113968729280,0.16527047611174200,2
447,0.04000113968729280,0.1497327820175140,2
448,0.04000113968729280,0.13530794841330300,2
449,0.04000113968729280,0.13984029824978800,2
450,0.04000113968729280,0.17311732803189800,2
451,0.04000113968729280,0.18905857258637100,2
452,0.04000113968729280,0.18455010417130500,2
453,0.04000113968729280,0.19006139060774900,2
454,0.04000113968729280,0.20093093773960300,2
455,0.04000113968729280,0.21328228743621600,2
456,0.04000113968729280,0.21578359793336200,2
457,0.04000113968729280,0.21737677520747100,2
458,0.04000113968729280,0.1839931502299890,2
459,0.04000113968729280,0.1486443506718880,2
460,0.04000113968729280,0.12357440061739400,2
461,0.04000113968729280,0.10545793384247500,2
462,0.04000113968729280,0.10338908048363100,2
463,0.04000113968729280,0.11830267940018600,2
464,0.04000113968729280,0.1253810103199040,2
465,0.04000113968729280,0.13277709090538200,2
466,0.04000113968729280,0.15942211476905300,2
467,0.04000113968729280,0.19374787183800300,2
468,0.04000113968729280,0.20852687232995800,2
469,0.04000113968729280,0.20583685550430600,2
470,0.04000113968729280,0.18615763653190800,2
471,0.04000113968729280,0.18175570976473400,2
472,0.04000113968729280,0.17263839905501800,2
473,0.04000113968729280,0.15881647207358600,2
474,0.04000113968729280,0.16549516351331500,2
475,0.04000113968729280,0.16131267373216400,2
476,0.04000113968729280,0.14748543006740400,2
477,0.04000113968729280,0.14608196689031300,2
478,0.04000113968729280,0.17046262427472400,2
479,0.04000113968729280,0.34041102550085000,2
480,0.04000113968729280,0.42845182978695900,2
481,0.04000113968729280,0.39716790741850000,2
482,0.04000113968729280,0.3481899625209950,2
483,0.04000113968729280,0.25556745586689400,2
484,0.04000113968729280,0.18633132455847000,2
485,0.04000113968729280,0.1633027971927550,2
486,0.04000113968729280,0.15124184701085100,2
487,0.04000113968729280,0.14051738334224400,2
488,0.04000113968729280,0.17154778708311800,2
489,0.04000113968729280,0.18497820101309800,2
490,0.04000113968729280,0.2074212637932460,2
491,0.04000113968729280,0.2288069173868570,2
492,0.04000113968729280,0.20918871525197500,2
493,0.03940647464548080,0.2093748260662190,2
494,0.030176746244924500,0.18193829021983100,2
495,0.013742705723413400,0.09442364140164940,2
496,0.0013810965413318100,0.019108370101669800,2
497,-0.004371152090213720,-0.01872671007414680,2
498,-0.005808104008488830,-0.030249895551040300,2
499,-0.005129429817697600,-0.02843441921356300,2
500,-0.003699999892967230,-0.02133160529644210,2
501,-0.0022968070224548800,-0.013652186292315700,2
502,-0.0012564034516884400,-0.007657320538139490,2
503,-0.0006150210240307460,-0.003821137892221370,2
504,-0.00027206993144568800,-0.0017296261494361500,2
505,-0.00010881705284068800,-0.0006899955659362070,2
506,-3.83352245229071E-05,-0.00025849481018064300,2
507,-1.03426298842369E-05,-7.88759949382639E-05,2
508,0.0005946650418120000,0.004154092320234430,2
509,0.009824393442368310,0.05975512250728580,2
510,0.02625843396387950,0.13227138136927600,2
511,0.03862004314596100,0.18644369144760900,2
512,0.04437229177750660,0.20568092920021800,2
513,0.04580924369578170,0.213290093148645,2
514,0.045130569504990400,0.22158586101430200,2
515,0.043701139580260100,0.29628569293933500,2
516,0.042297946709747700,0.34785710075740600,2
517,0.04125754313898130,0.3234145560100570,2
518,0.040616160711323600,0.27868700572864900,2
519,0.04027320961873850,0.24522425589941100,2
520,0.040109956740133500,0.21455314850736800,2
521,0.04003947491181570,0.20616181948206600,2
522,0.04001148231717710,0.20914237454948100,2
523,0.04000113968729280,0.20948455601321200,2
524,0.04000113968729280,0.2015445288775940,2
525,0.04000113968729280,0.19297919690429200,2
526,0.04000113968729280,0.1701475833795820,2
527,0.04000113968729280,0.1722196854746920,2
528,0.04000113968729280,0.18805774609637200,2
529,0.04000113968729280,0.2211975742436520,2
530,0.04000113968729280,0.2376687601867030,2
531,0.04000113968729280,0.22848407375668500,2
532,0.04000113968729280,0.2178883575078990,2
533,0.04000113968729280,0.22771822446647600,2
534,0.04000113968729280,0.20870170929835600,2
535,0.04000113968729280,0.17223464118409200,2
536,0.04000113968729280,0.14624339518423100,2
537,0.04000113968729280,0.1613014495257900,2
538,0.04000113968729280,0.18641742051572700,2
539,0.04000113968729280,0.20303680853703600,2
540,0.04000113968729280,0.1899111889325620,2
541,0.04000113968729280,0.1703147774244830,2
542,0.04000113968729280,0.17740723460906500,2
543,0.04000113968729280,0.25052967312123300,2
544,0.04000113968729280,0.3406631085069630,2
545,0.04000113968729280,0.3249246890203950,2
546,0.04000113968729280,0.2495179622753040,2
547,0.04000113968729280,0.17662639374117800,2
548,0.03999685820106810,0.14331058685140600,2
549,0.036376758482915100,0.11796003834536900,2
550,0.022017471774055300,0.05756618410770290,2
551,0.006684819504780330,0.004593600083970010,2
552,-0.0022045265804724400,-0.020815009561918300,2
553,-0.005469580456581950,-0.02688776364355330,2
554,-0.005631537197103550,-0.023800818805905100,2
555,-0.004448369747499980,-0.01748828126848620,2
556,-0.0029651462811918100,-0.011137317675605400,2
557,-0.0017239306004422200,-0.006261809383675180,2
558,-0.0008906577751692330,-0.0031184038575785600,2
559,-0.00041412562069176800,-0.0014220786118783500,2
560,-0.0001743540794175130,-0.0005849362688840910,2
561,-6.58740639376389E-05,-0.0002182664348815490,2
562,-2.10241404855344E-05,-6.76197432484297E-05,2
563,4.16442089152527E-07,2.61053594378573E-05,2
564,0.0036243812043777800,0.023009134208295600,2
565,0.017983667913237500,0.09812514569031470,2
566,0.03331632018251250,0.16303855761503600,2
567,0.04220566626776530,0.205611421231425,2
568,0.04547072014387480,0.25851869022029300,2
569,0.04563267688439640,0.29805712945559100,2
570,0.04444950943479280,0.2819246803579240,2
571,0.04296628596848460,0.22120960866086700,2
572,0.041725070287735100,0.18473221545475500,2
573,0.04089179746246210,0.22444017395235500,2
574,0.0404152653079846,0.44858061424502700,2
575,0.04017549376671030,0.6517164465119210,2
576,0.04006701375123050,0.7248775716030400,2
577,0.040022163827778400,0.7356431107535690,2
578,0.04000500473142850,0.7243887072325960,2
579,0.04000113968729280,0.6925273356680080,2
580,0.04000113968729280,0.6197528111185010,2
581,0.04000113968729280,0.45185839321314300,2
582,0.04000113968729280,0.32115894272916600,2
583,0.04000113968729280,0.25006171384866000,2
584,0.04000113968729280,0.2268185392884370,2
585,0.04000113968729280,0.25098498277122300,2
586,0.04000113968729280,0.3210168764643340,2
587,0.04000113968729280,0.3734272121678140,2
588,0.04000113968729280,0.3844378501544760,2
589,0.03940647464548080,0.5158800387765650,2
590,0.030176746244924500,0.45164469678208900,2
591,0.013742705723413400,0.22414025063512000,2
592,0.0013810965413318100,0.04771059636917480,2
593,-0.004371152090213720,-0.0381109537097169,2
594,-0.005808104008488830,-0.06545536906546480,2
595,-0.005129429817697600,-0.0624835267202023,2
596,-0.003699999892967230,-0.04684457012097820,2
597,-0.0022968070224548800,-0.02966068326021820,2
598,-0.0012564034516884400,-0.016374765793586000,2
599,-0.0006150210240307460,-0.008058230106963470,2
600,-0.00027206993144568800,-0.0035514254569589100,2
601,-0.00010881705284068800,-0.0014243252343370100,2
602,-3.83352245229071E-05,-0.0005160608116954070,2
603,-1.03426298842369E-05,-0.00014948421876697400,2
604,0.0005946650418120000,0.0029818881815095700,2
605,0.009824393442368310,0.0575343707868724,2
606,0.02625843396387950,0.1657695148048290,2
607,0.03862004314596100,0.23271167684885000,2
608,0.04437229177750660,0.3419031409395460,2
609,0.04580924369578170,0.41889206886252600,2
610,0.045130569504990400,0.38956626870421400,2
611,0.043701139580260100,0.3039105355670810,2
612,0.042297946709747700,0.24833218871477200,2
613,0.04125754313898130,0.2286493045232720,2
614,0.040616160711323600,0.2052190485273770,2
615,0.04026892813251370,0.17548404729703900,2
616,0.03648557553575580,0.16779272638286200,2
617,0.022055806998578200,0.11019888717279900,2
618,0.006695162134664560,0.03521688934851740,2
619,-0.0022045265804724400,-0.010818352339668600,2
620,-0.005469580456581950,-0.028033228846546100,2
621,-0.005631537197103550,-0.029205694200062500,2
622,-0.004448369747499980,-0.02338260141085360,2
623,-0.0029651462811918100,-0.015812022129329500,2
624,-0.0017239306004422200,-0.009331459829733620,2
625,-0.0008906577751692330,-0.004895496172623160,2
626,-0.00041412562069176800,-0.0023133480794214300,2
627,-0.0001743540794175130,-0.0009816961676980070,2
628,0.0,0.0,3
629,0.0,0.0,3
630,0.0,0.0,3
631,0.0,0.0,3
632,0.0,0.0,3
633,0.0,0.0,3
634,0.0,0.0,3
635,0.0,0.0,3
636,0.0,0.0,3
637,0.0,0.0,3
638,0.0,0.0,3
639,0.0005946650418120000,0.00532201497273451,3
640,0.009824393442368310,0.06483714916233120,3
641,0.02625843396387950,0.14117197610516200,3
642,0.03862004314596100,0.18328250726773500,3
643,0.04437229177750660,0.20102443323662400,3
644,0.04580924369578170,0.23615703568592100,3
645,0.045130569504990400,0.2978208193395520,3
646,0.043701139580260100,0.27751365093661500,3
647,0.042297946709747700,0.23838297827856100,3
648,0.04125754313898130,0.20882293745048300,3
649,0.040616160711323600,0.2005471449787610,3
650,0.04027320961873850,0.21529899928522400,3
651,0.040109956740133500,0.20835222484769900,3
652,0.04003947491181570,0.19940380124958100,3
653,0.04001148231717710,0.21106527995882000,3
654,0.04000113968729280,0.24902825892067700,3
655,0.04000113968729280,0.3171235781162990,3
656,0.04000113968729280,0.36633399728602400,3
657,0.04000113968729280,0.33406367300930900,3
658,0.04000113968729280,0.26735231667330100,3
659,0.04000113968729280,0.20575793032795300,3
660,0.04000113968729280,0.1735579885807850,3
661,0.04000113968729280,0.1696781747075950,3
662,0.04000113968729280,0.1850420881000440,3
663,0.04000113968729280,0.20130743861175700,3
664,0.04000113968729280,0.18650779147070000,3
665,0.04000113968729280,0.17687096488869600,3
666,0.04000113968729280,0.19720108908406800,3
667,0.04000113968729280,0.20610220073736700,3
668,0.04000113968729280,0.20517134715240900,3
669,0.04000113968729280,0.23306635299972800,3
670,0.04000113968729280,0.21473990240196600,3
671,0.04000113968729280,0.18512374377509200,3
672,0.04000113968729280,0.20705647561547400,3
673,0.04000113968729280,0.23430963893162600,3
674,0.04000113968729280,0.2382636575917240,3
675,0.04000113968729280,0.2361378802864750,3
676,0.04000113968729280,0.1966608196065520,3
677,0.04000113968729280,0.15571986388116000,3
678,0.04000113968729280,0.14720011620401,3
679,0.04000113968729280,0.16041410806682100,3
680,0.04000113968729280,0.21502514037388300,3
681,0.03940647464548080,0.24840257881272700,3
682,0.030176746244924500,0.20516225172737600,3
683,0.013742705723413400,0.10366906808686100,3
684,0.0013810965413318100,0.022126059230520100,3
685,-0.004371152090213720,-0.018956340676177800,3
686,-0.005808104008488830,-0.03200121680013630,3
687,-0.005129429817697600,-0.03029816303513390,3
688,-0.003699999892967230,-0.02262849793446880,3
689,-0.0022968070224548800,-0.014344510202683900,3
690,-0.0012564034516884400,-0.007950753697614960,3
691,-0.0006150210240307460,-0.003941290095856130,3
692,-0.00027206993144568800,-0.0017597703155341600,3
693,-0.00010881705284068800,-0.0007158038369396470,3
694,-3.83352245229071E-05,-0.0002524399778331050,3
695,-1.03426298842369E-05,-6.8533365054027E-05,3
696,0.0005946650418120000,0.0041840627238079200,3
697,0.009824393442368310,0.08333751432626940,3
698,0.02625843396387950,0.2215000679520330,3
699,0.03862004314596100,0.2753640199675500,3
700,0.04437229177750660,0.29379677016254600,3
701,0.04580924369578170,0.31702375906007400,3
702,0.045130569504990400,0.457086752456476,3
703,0.043701139580260100,0.500592723517329,3
704,0.042297946709747700,0.38469575839810700,3
705,0.04125754313898130,0.3238860898897190,3
706,0.040616160711323600,0.32683074202377500,3
707,0.04027320961873850,0.24309348914949000,3
708,0.040109956740133500,0.18247043991366800,3
709,0.04003947491181570,0.1695164195419340,3
710,0.04001148231717710,0.1765697170395380,3
711,0.04000113968729280,0.17147227658358500,3
712,0.04000113968729280,0.1761429004360600,3
713,0.04000113968729280,0.20184169627121600,3
714,0.04000113968729280,0.2330492764433780,3
715,0.04000113968729280,0.20484903555364500,3
716,0.04000113968729280,0.15446420698890500,3
717,0.04000113968729280,0.12814144603862800,3
718,0.04000113968729280,0.12653261229612300,3
719,0.04000113968729280,0.13381760423469000,3
720,0.04000113968729280,0.13948205670116500,3
721,0.04000113968729280,0.17191687269175600,3
722,0.04000113968729280,0.22324334354889200,3
723,0.04000113968729280,0.2542783452114650,3
724,0.04000113968729280,0.24382988224975300,3
725,0.04000113968729280,0.1991947393251380,3
726,0.04000113968729280,0.1565296009126260,3
727,0.04000113968729280,0.13613875149320900,3
728,0.04000113968729280,0.11571547938564400,3
729,0.04000113968729280,0.09063188088796190,3
730,0.04000113968729280,0.08943543116487400,3
731,0.04000113968729280,0.11956993958405300,3
732,0.04000113968729280,0.13590866594266700,3
733,0.04000113968729280,0.14086156108709400,3
734,0.04000113968729280,0.14000470619261800,3
735,0.04000113968729280,0.13725642922971000,3
736,0.04000113968729280,0.14088779453701500,3
737,0.04000113968729280,0.16268039852818500,3
738,0.04000113968729280,0.1717212748021950,3
739,0.04000113968729280,0.2432687090514990,3
740,0.04000113968729280,0.39693208250507500,3
741,0.04000113968729280,0.3846150311400410,3
742,0.04000113968729280,0.27432901643522000,3
743,0.04000113968729280,0.20995347227581000,3
744,0.04000113968729280,0.1708794662100910,3
745,0.04000113968729280,0.17173694509626800,3
746,0.04000113968729280,0.197763187881934,3
747,0.04000113968729280,0.21155400525643200,3
748,0.04000113968729280,0.2174285953777250,3
749,0.03940647464548080,0.17743140044414700,3
750,0.030176746244924500,0.10136656412118700,3
751,0.013742705723413400,0.028914564282640100,3
752,0.0013810965413318100,-0.013355837516861700,3
753,-0.004371152090213720,-0.02866967617886980,3
754,-0.005808104008488830,-0.02862136786493610,3
755,-0.005129429817697600,-0.02223642611936590,3
756,-0.003699999892967230,-0.014675860979184200,3
757,-0.0022968070224548800,-0.008497990208245500,3
758,-0.0012564034516884400,-0.004386226704530110,3
759,-0.0006150210240307460,-0.002051782383895130,3
760,-0.00027206993144568800,-0.000858672018643854,3
761,-0.00010881705284068800,-0.0003266924834702180,3
762,-3.83352245229071E-05,-9.73557088142881E-05,3
763,-1.03426298842369E-05,-2.06852597684739E-05,3
764,0.0005946650418120000,0.002960480750385650,3
765,0.009824393442368310,0.04004994466904340,3
766,0.02625843396387950,0.11776956989077800,3
767,0.03862004314596100,0.20373492643832500,3
768,0.04437229177750660,0.27833151948288800,3
769,0.04580924369578170,0.3119771001435560,3
770,0.045130569504990400,0.26249570420336500,3
771,0.043701139580260100,0.22046867248238400,3
772,0.042297946709747700,0.19469036995915000,3
773,0.04125754313898130,0.1611854141260450,3
774,0.040616160711323600,0.1380731711623580,3
775,0.04027320961873850,0.14829931183139600,3
776,0.040109956740133500,0.14375339801820800,3
777,0.04003947491181570,0.1320040430221930,3
778,0.04001148231717710,0.1304562948517330,3
779,0.04000113968729280,0.1416422086360540,3
780,0.04000113968729280,0.15400928905589100,3
781,0.04000113968729280,0.15654980676645500,3
782,0.04000113968729280,0.15761608835031800,3
783,0.04000113968729280,0.15217766168281400,3
784,0.04000113968729280,0.14989358687352700,3
785,0.04000113968729280,0.1533619110932600,3
786,0.04000113968729280,0.17632420012503700,3
787,0.04000113968729280,0.18440611316795300,3
788,0.04000113968729280,0.16809717680261600,3
789,0.04000113968729280,0.19229516073562600,3
790,0.04000113968729280,0.19298233158587700,3
791,0.04000113968729280,0.18011974727186900,3
792,0.04000113968729280,0.2171864382735680,3
793,0.04000113968729280,0.256840002220281,3
794,0.04000113968729280,0.2647784843715200,3
795,0.04000113968729280,0.242722335171622,3
796,0.04000113968729280,0.2214455650902650,3
797,0.04000113968729280,0.17845138356288400,3
798,0.04000113968729280,0.15075117608504400,3
799,0.04000113968729280,0.1353337716996040,3
800,0.04000113968729280,0.13899507941048200,3
801,0.04000113968729280,0.14521370294241700,3
802,0.04000113968729280,0.16412853111795200,3
803,0.04000113968729280,0.2366938309601510,3
804,0.04000113968729280,0.2566723294133350,3
805,0.04000113968729280,0.2344536414188560,3
806,0.04000113968729280,0.21776706504072800,3
807,0.04000113968729280,0.20873804756175500,3
808,0.04000113968729280,0.19543971551112900,3
809,0.04000113968729280,0.172987999084788,3
810,0.04000113968729280,0.14527587386995000,3
811,0.04000113968729280,0.13723403622578300,3
812,0.04000113968729280,0.16157811363331200,3
813,0.04000113968729280,0.16020311901588300,3
814,0.04000113968729280,0.13354961143991800,3
815,0.04000113968729280,0.11854849640349600,3
816,0.04000113968729280,0.12353065435010300,3
817,0.04000113968729280,0.12995549266545200,3
818,0.04000113968729280,0.14398475189092100,3
819,0.04000113968729280,0.1636556367361790,3
820,0.03999685820106810,0.16662326535371600,3
821,0.036376758482915100,0.13692544156290900,3
822,0.022017471774055300,0.07212291519072820,3
823,0.006684819504780330,0.016142807240856900,3
824,-0.0022045265804724400,-0.013053576660641900,3
825,-0.005469580456581950,-0.02237708617863780,3
826,-0.005631537197103550,-0.021275578304945700,3
827,-0.004448369747499980,-0.01600672354902300,3
828,-0.0029651462811918100,-0.01026636887671450,3
829,-0.0017239306004422200,-0.00577503708139609,3
830,-0.0008906577751692330,-0.0028934784460318,3
831,-0.00041412562069176800,-0.0013124781646628200,3
832,-0.0001743540794175130,-0.0005362712169928440,3
833,-6.58740639376389E-05,-0.00019766504779708200,3
834,-2.10241404855344E-05,-5.34120692285611E-05,3
835,4.16442089152527E-07,2.18238732130731E-05,3
836,0.0036243812043777800,0.021737724253817100,3
837,0.017983667913237500,0.09947247795949500,3
838,0.03331632018251250,0.15153912376506900,3
839,0.04220566626776530,0.18142042797947400,3
840,0.04547072014387480,0.24688592234945900,3
841,0.04563267688439640,0.25821334506892400,3
842,0.04444950943479280,0.2681425159574710,3
843,0.04296628596848460,0.2664605965257500,3
844,0.041725070287735100,0.24078780905519600,3
845,0.04089179746246210,0.2062364551817700,3
846,0.0404152653079846,0.16875447092492500,3
847,0.04017549376671030,0.16207927678395600,3
848,0.04006701375123050,0.15842819672448500,3
849,0.040022163827778400,0.1931056073471480,3
850,0.04000500473142850,0.22672254295465000,3
851,0.04000113968729280,0.22691985415430000,3
852,0.04000113968729280,0.20533411805723000,3
853,0.03999685820106810,0.18580447664041000,3
854,0.036376758482915100,0.14594073119458200,3
855,0.022017471774055300,0.0711940470980541,3
856,0.006684819504780330,0.009790173590313320,3
857,-0.0022045265804724400,-0.02016090341089910,3
858,-0.005469580456581950,-0.028161080286626100,3
859,-0.005631537197103550,-0.025311103333511200,3
860,-0.004448369747499980,-0.018549031717082200,3
861,-0.0029651462811918100,-0.011716010652641600,3
862,-0.0017239306004422200,-0.0065201247388371200,3
863,-0.0008906577751692330,-0.0032536209612686400,3
864,-0.00041412562069176800,-0.0014557393093619100,3
865,-0.0001743540794175130,-0.0005946881662112880,3
866,-6.58740639376389E-05,-0.00021391052234138700,3
867,-2.10241404855344E-05,-6.11421574998243E-05,3
868,4.16442089152527E-07,2.61053594378573E-05,3
869,0.0036243812043777800,0.02540063883421790,3
870,0.017983667913237500,0.15002848036366000,3
871,0.03331632018251250,0.3068573878634620,3
872,0.04220566626776530,0.3354356481895030,3
873,0.04547072014387480,0.3335231764417040,3
874,0.04563267688439640,0.31342652297749800,3
875,0.04444950943479280,0.2532526124847630,3
876,0.042962004482259900,0.2357639478995270,3
877,0.03810068908335730,0.24299923002006900,3
878,0.02290812954922460,0.15874969639410400,3
879,0.0070989451254720900,0.05420349506278860,3
880,-0.0020301725010549300,-0.008462809852580710,3
881,-0.005403706392644310,-0.032804164945992200,3
882,-0.005610513056618010,-0.03592134147530750,3
883,-0.004444504703364350,-0.029369071852139900,3
884,-0.0029651462811918100,-0.02005531385130380,3
885,-0.0017239306004422200,-0.01185030591669060,3
886,-0.0008906577751692330,-0.006208844310948210,3
887,-0.00041412562069176800,-0.0029167912389776100,3
888,-0.0001743540794175130,-0.0012338695798905600,3
889,-6.58740639376389E-05,-0.00047986502363384400,3
890,0.0,0.0,4
891,0.0,0.0,4
892,0.0,0.0,4
893,0.0,0.0,4
894,0.0,0.0,4
895,0.0,0.0,4
896,0.0,0.0,4
897,0.0,0.0,4
898,0.0,0.0,4
899,0.0,0.0,4
900,0.0,0.0,4
901,0.0005946650418120000,0.004141247861560080,4
902,0.009824393442368310,0.05242428022767570,4
903,0.02625843396387950,0.11788626676608000,4
904,0.03862004314596100,0.16402018866692400,4
905,0.04437229177750660,0.1937625433348430,4
906,0.04580924369578170,0.31525961150196700,4
907,0.045130569504990400,0.37182206680458100,4
908,0.043701139580260100,0.30923531224769100,4
909,0.042297946709747700,0.2398328547313520,4
910,0.04125754313898130,0.1786482728573,4
911,0.040616160711323600,0.159875543482102,4
912,0.04027320961873850,0.19858580002197800,4
913,0.040109956740133500,0.19501604005756200,4
914,0.04003947491181570,0.15727075869275900,4
915,0.04001148231717710,0.11657169033908100,4
916,0.04000113968729280,0.12251112503773500,4
917,0.04000113968729280,0.1469325195162880,4
918,0.04000113968729280,0.16278824239802600,4
919,0.04000113968729280,0.19284834912762700,4
920,0.04000113968729280,0.20492066201127200,4
921,0.04000113968729280,0.18648895263660900,4
922,0.04000113968729280,0.19072752325005300,4
923,0.04000113968729280,0.21306465506260900,4
924,0.04000113968729280,0.215627803112258,4
925,0.04000113968729280,0.2159497493200320,4
926,0.04000113968729280,0.22666342778187900,4
927,0.04000113968729280,0.2557411965837290,4
928,0.04000113968729280,0.3344002989740460,4
929,0.04000113968729280,0.45873550164076000,4
930,0.03940647464548080,0.4213133477849540,4
931,0.030176746244924500,0.27531139252299000,4
932,0.013742705723413400,0.11115630801265800,4
933,0.0013810965413318100,0.003502056801660850,4
934,-0.004371152090213720,-0.044003156148897800,4
935,-0.005808104008488830,-0.053867406214713300,4
936,-0.005129429817697600,-0.045522595975824000,4
937,-0.003699999892967230,-0.03156823297027630,4
938,-0.0022968070224548800,-0.01889713401810970,4
939,-0.0012564034516884400,-0.010021720130181400,4
940,-0.0006150210240307460,-0.004779058476370830,4
941,-0.00027206993144568800,-0.002051812400520840,4
942,-0.00010881705284068800,-0.0008155374094855020,4
943,-3.83352245229071E-05,-0.00022531203765814600,4
944,-1.03426298842369E-05,-6.71733259637111E-05,4
945,0.0005946650418120000,0.0011936115698487800,4
946,0.009824393442368310,0.027410134464449700,4
947,0.02625843396387950,0.11752500271130800,4
948,0.03862004314596100,0.18709235367377600,4
949,0.04437229177750660,0.2360836704239350,4
950,0.04580924369578170,0.3188666747614960,4
951,0.045130569504990400,0.35130012317075900,4
952,0.043701139580260100,0.30302918573114600,4
953,0.042297946709747700,0.24997409860863600,4
954,0.04125754313898130,0.1894082452498830,4
955,0.040616160711323600,0.17881347295413600,4
956,0.04027320961873850,0.23437415968601400,4
957,0.040109956740133500,0.2464720982679850,4
958,0.04003947491181570,0.20025037438391500,4
959,0.04001148231717710,0.1485472545054410,4
960,0.04000113968729280,0.11957948083111200,4
961,0.04000113968729280,0.1371644520964900,4
962,0.04000113968729280,0.1788310462043770,4
963,0.04000113968729280,0.1710304177044050,4
964,0.04000113968729280,0.14753579354278800,4
965,0.04000113968729280,0.14125542542899000,4
966,0.04000113968729280,0.137577365401849,4
967,0.04000113968729280,0.14651431708667500,4
968,0.04000113968729280,0.1472682691682260,4
969,0.04000113968729280,0.1488941433762390,4
970,0.04000113968729280,0.17584987086575800,4
971,0.04000113968729280,0.23193353427404800,4
972,0.04000113968729280,0.2557106240870830,4
973,0.04000113968729280,0.20982731850804200,4
974,0.04000113968729280,0.17061540820867900,4
975,0.04000113968729280,0.14986142844863500,4
976,0.04000113968729280,0.1638416826176940,4
977,0.04000113968729280,0.19393140498183300,4
978,0.04000113968729280,0.1885252442055320,4
979,0.04000113968729280,0.1843220076348400,4
980,0.04000113968729280,0.17515408772355400,4
981,0.04000113968729280,0.17895492976159300,4
982,0.04000113968729280,0.18172612688454700,4
983,0.04000113968729280,0.1639904544596870,4
984,0.04000113968729280,0.1438070656019420,4
985,0.04000113968729280,0.13740665907360800,4
986,0.04000113968729280,0.13825440251227700,4
987,0.04000113968729280,0.16016847880446900,4
988,0.04000113968729280,0.17208401263916000,4
989,0.04000113968729280,0.17255462929708100,4
990,0.04000113968729280,0.173274124155402,4
991,0.04000113968729280,0.16921621387976600,4
992,0.04000113968729280,0.16150681612185700,4
993,0.04000113968729280,0.1609742962862760,4
994,0.04000113968729280,0.1953633544685230,4
995,0.04000113968729280,0.23704973526693600,4
996,0.04000113968729280,0.2485700845596840,4
997,0.04000113968729280,0.2643126442718850,4
998,0.04000113968729280,0.25717430574485700,4
999,0.04000113968729280,0.24951908350849500,4
1000,0.04000113968729280,0.23059932346711000,4
1001,0.04000113968729280,0.1897053191319530,4
1002,0.04000113968729280,0.16162666074514700,4
1003,0.04000113968729280,0.155585618981669,4
1004,0.04000113968729280,0.1574683209439190,4
1005,0.04000113968729280,0.17660953683787300,4
1006,0.04000113968729280,0.17148587121146100,4
1007,0.04000113968729280,0.16151548595265800,4
1008,0.04000113968729280,0.1474450641975880,4
1009,0.04000113968729280,0.14870244535951700,4
1010,0.04000113968729280,0.14458154622927400,4
1011,0.04000113968729280,0.1499574589140320,4
1012,0.04000113968729280,0.17501108258250100,4
1013,0.04000113968729280,0.1891178472148360,4
1014,0.03999685820106810,0.18508124312185900,4
1015,0.036376758482915100,0.19688616977684600,4
1016,0.022017471774055300,0.14912079172628500,4
1017,0.006684819504780330,0.06408876570521430,4
1018,-0.0022045265804724400,0.004852561634572610,4
1019,-0.005469580456581950,-0.021381514560051900,4
1020,-0.005631537197103550,-0.02755651684780740,4
1021,-0.004448369747499980,-0.024032814410974600,4
1022,-0.0029651462811918100,-0.017124302195019000,4
1023,-0.0017239306004422200,-0.010485526083555400,4
1024,-0.0008906577751692330,-0.005646661739875680,4
1025,-0.00041412562069176800,-0.0027276786726826300,4
1026,-0.0001743540794175130,-0.0011830883407411700,4
1027,-6.58740639376389E-05,-0.0004661570063139770,4
1028,-2.10241404855344E-05,-0.00015920601686828000,4
1029,4.16442089152527E-07,-1.21286398293062E-05,4
1030,0.0036243812043777800,0.0295640257594855,4
1031,0.017983667913237500,0.1331453425780750,4
1032,0.03331632018251250,0.2088283379738860,4
1033,0.04220566626776530,0.2308175971084990,4
1034,0.04547072014387480,0.24386098984231600,4
1035,0.04563267688439640,0.2489375852530120,4
1036,0.04444950943479280,0.23991979280024800,4
1037,0.04296628596848460,0.21912490667512500,4
1038,0.041725070287735100,0.18922439849792500,4
1039,0.04089179746246210,0.16279316725531800,4
1040,0.0404152653079846,0.1558281973675040,4
1041,0.04017549376671030,0.1649553085522290,4
1042,0.04006701375123050,0.2127129811745490,4
1043,0.040022163827778400,0.21705362767352600,4
1044,0.04000500473142850,0.19965221224169600,4
1045,0.04000113968729280,0.207811535487092,4
1046,0.04000113968729280,0.2139581976545180,4
1047,0.04000113968729280,0.19842331590022400,4
1048,0.04000113968729280,0.16583484533510500,4
1049,0.04000113968729280,0.1600463151122540,4
1050,0.04000113968729280,0.21210713043783000,4
1051,0.04000113968729280,0.22616104836536100,4
1052,0.03940647464548080,0.20244371970933800,4
1053,0.030176746244924500,0.1313557768849840,4
1054,0.013742705723413400,0.047928324541574000,4
1055,0.0013810965413318100,-0.005129229580453820,4
1056,-0.004371152090213720,-0.02680506579991920,4
1057,-0.005808104008488830,-0.02985998528420610,4
1058,-0.005129429817697600,-0.02440745747110980,4
1059,-0.003699999892967230,-0.01664966944390000,4
1060,-0.0022968070224548800,-0.009864820985907160,4
1061,-0.0012564034516884400,-0.005180668877248970,4
1062,-0.0006150210240307460,-0.002458743511497910,4
1063,-0.00027206993144568800,-0.0010566781543145500,4
1064,-0.00010881705284068800,-0.00039788636600425200,4
1065,-3.83352245229071E-05,-0.000130839636170429,4
1066,-1.03426298842369E-05,-3.35328946980265E-05,4
1067,0.0005946650418120000,0.0012021745422983500,4
1068,0.009824393442368310,0.029328318928021200,4
1069,0.02625843396387950,0.08382362050996730,4
1070,0.03862004314596100,0.1425517548116930,4
1071,0.04437229177750660,0.23616298141153900,4
1072,0.04580924369578170,0.28859599367473100,4
1073,0.045130569504990400,0.2955645716653970,4
1074,0.043701139580260100,0.26904726073352700,4
1075,0.042297946709747700,0.24303157850154400,4
1076,0.04125754313898130,0.22054926897197200,4
1077,0.040616160711323600,0.1900372589490450,4
1078,0.04027320961873850,0.18156652737191900,4
1079,0.040109956740133500,0.21001569947377900,4
1080,0.04003947491181570,0.2337077955327490,4
1081,0.04001148231717710,0.2453132088980840,4
1082,0.04000113968729280,0.2414644773085160,4
1083,0.04000113968729280,0.20521226661011900,4
1084,0.03940647464548080,0.17269505903519000,4
1085,0.030176746244924500,0.11332227982420200,4
1086,0.013742705723413400,0.03941956196299110,4
1087,0.0013810965413318100,-0.008452191689850610,4
1088,-0.004371152090213720,-0.027188177470387200,4
1089,-0.005808104008488830,-0.028951049706733700,4
1090,-0.005129429817697600,-0.023353437429011400,4
1091,-0.003699999892967230,-0.01593464804775880,4
1092,-0.0022968070224548800,-0.009505021274534300,4
1093,-0.0012564034516884400,-0.005038508997224130,4
1094,-0.0006150210240307460,-0.0024038444412336300,4
1095,-0.00027206993144568800,-0.0010380926357193300,4
1096,-0.00010881705284068800,-0.00039764344592045200,4
1097,-3.83352245229071E-05,-0.00013621670708384600,4
1098,-1.03426298842369E-05,-3.61454363110003E-05,4
1099,0.0005946650418120000,0.0023743786810232200,4
1100,0.009824393442368310,0.035677474051320300,4
1101,0.02625843396387950,0.09008406559107100,4
1102,0.03862004314596100,0.13352932865971600,4
1103,0.04437229177750660,0.15987525133140300,4
1104,0.04580924369578170,0.16101906785629400,4
1105,0.045130569504990400,0.1727024243543690,4
1106,0.043701139580260100,0.20902284357432300,4
1107,0.042297946709747700,0.2200368618949820,4
1108,0.04125754313898130,0.1999702885052150,4
1109,0.040616160711323600,0.18459797327267000,4
1110,0.04027320961873850,0.20106483029846500,4
1111,0.040109956740133500,0.21373085082695600,4
1112,0.04003947491181570,0.21154147639317900,4
1113,0.04001148231717710,0.18970869764782300,4
1114,0.04000113968729280,0.16360031260941700,4
1115,0.04000113968729280,0.14007461280265700,4
1116,0.04000113968729280,0.14448154538124300,4
1117,0.04000113968729280,0.2177328182838870,4
1118,0.04000113968729280,0.2776273275354550,4
1119,0.04000113968729280,0.26808941699791500,4
1120,0.04000113968729280,0.22867923440593500,4
1121,0.04000113968729280,0.2064788972241820,4
1122,0.04000113968729280,0.19620210647784600,4
1123,0.04000113968729280,0.1930570035731230,4
1124,0.04000113968729280,0.195033787945675,4
1125,0.04000113968729280,0.18536387353271900,4
1126,0.04000113968729280,0.15959538174356500,4
1127,0.04000113968729280,0.165637593017808,4
1128,0.04000113968729280,0.18037522641030300,4
1129,0.04000113968729280,0.1638637677456430,4
1130,0.04000113968729280,0.13561758337419900,4
1131,0.04000113968729280,0.14931876328847400,4
1132,0.04000113968729280,0.18076874813979700,4
1133,0.04000113968729280,0.20979062927746400,4
1134,0.04000113968729280,0.2058965345744320,4
1135,0.04000113968729280,0.19053287758622500,4
1136,0.04000113968729280,0.156426188684249,4
1137,0.04000113968729280,0.14127723124282700,4
1138,0.04000113968729280,0.15462053633003800,4
1139,0.04000113968729280,0.17370901030152000,4
1140,0.04000113968729280,0.1918504484104730,4
1141,0.04000113968729280,0.18879606930580300,4
1142,0.03940647464548080,0.18172123274856200,4
1143,0.030176746244924500,0.1417634142565000,4
1144,0.013742705723413400,0.06651162855771860,4
1145,0.0013810965413318100,0.008301114595783150,4
1146,-0.004371152090213720,-0.019223678693811000,4
1147,-0.005808104008488830,-0.026370448027000100,4
1148,-0.005129429817697600,-0.023519897762431500,4
1149,-0.003699999892967230,-0.01706215747373860,4
1150,-0.0022968070224548800,-0.010651070574520100,4
1151,-0.0012564034516884400,-0.005858913249706330,4
1152,-0.0006150210240307460,-0.0028758777067988200,4
1153,-0.00027206993144568800,-0.0012790343306218900,4
1154,-0.00010881705284068800,-0.0005096150838161660,4
1155,-3.83352245229071E-05,-0.00018133349273029900,4